Tags,Count
addiction,1
aor,1
assertive-outreach-and-retention,1
behavioral-health,3
medicaid,3
substance-use-disorder,2
sud,1
behavioral-healthchoices,1
community-care-behavioral-health,1
managed-care,1
continuum-of-care,1
coordinated-entry,1
homeless-advisory-board-2,1
homeless-services,1
housing,14
child-development,1
early-learning,1
family-resources,1
prenatal-support,1
independent-research,6
intimate-partner-violence,3
arrest,1
court-data,1
crime,1
offenses,1
youth,2
justice,1
juvenile,1
child-welfare,1
opioid-settlement-funds,1
opioids,5
cash-assistance,1
economic-security,1
act-33,1
needs-assessment,3
poverty,1
family-support,1
predictive-analytics,2
prevention,2
women,1
jail,3
care-coordination,1
complex-care,1
coordinated-care,1
multi-system-needs,1
street-stabilization-team,1
community-violence,1
interpersonal-violence,1
ipv,1
alleghenygo,1
pittsburgh-regional-transit,1
prt,1
transportation,3
client-perspective,1
funding,1
homelessness,9
latinx,1
covid-19,3
employment,1
behavioral-health-crisis,1
co-response,1
community-responder-team,1
crisis-prevention-and-response,1
fourth-emergency-service,1
mobile-crisis,1
unarmed-responders,1
moud,2
violence,2
data-sharing,5
predictive-risk-models,2
child-abuse,1
foster-care,3
schools,8
juvenile-justice-system,2
teens,4
cost-analysis,1
probation,1
basic-needs,2
community-counts,1
point-in-time,1
outreach,2
shelter,4
tents,2
unsheltered,1
impact-maximization,1
predictive-risk,1
resource-allocation,1
500-in-500,1
affordable-housing,1
age,1
exit-destinations,1
lengths-of-stay,1
older-adults,1
community-relations,1
fentanyl,1
medetomidine,1
opioid,1
xyalzine,1
engagement,1
feedback,1
gift-cards,1
incentives,1
surveys,1
mental-health,4
protective-services,1
food,2
overdose,1
substance-use,1
behavioral-health-services,1
medicaid-funding,1
302,1
involuntary-committment,1
crisis,1
community-supports,1
disabilities,1
services,1
waivers,1
synthetic-data,1
reimbursement-rates,1
rent,4
